timestamp,open,high,low,close,volume,returns,log_returns,sma_5,ema_5,sma_10,ema_10,sma_20,ema_20,sma_50,ema_50,rsi_14,macd,macd_signal,macd_hist,bb_middle,bb_std,bb_upper,bb_lower,bb_width,stoch_k,stoch_d,atr_14,volume_sma_20,volume_ratio,price_range,gap_up,gap_down,volume_ma_20,hour,day_of_week,month,future_return_1h,future_return_4h,future_return_24h,direction_1h,direction_4h,direction_24h
2025-10-23 01:00:00,107845.3,108500.0,107813.2,108150.0,1012.18554,0.0028253433390235116,0.0028213595584663507,107593.508,107810.09592709626,107756.17,107832.1806808794,107973.05649999999,108055.87648403093,108836.7534,108468.57617655878,56.48649061178742,-310.8167143338942,-348.40679070986727,37.59007637597307,107973.05649999999,450.78705940742304,108874.63061881484,107071.48238118514,0.016699983274343137,59.399164661078906,47.555719295154354,912.971428571429,1151.8285389999999,0.8787640744504943,0.006350439204808164,0.0,0.0,1151.8285389999999,1,3,10,0.002406749884419801,0.0018232765047936084,0.0009376032906582565,1,1,1
2025-10-23 02:00:00,108150.01,108410.3,108058.66,108410.29,360.75702,0.002406749884419801,0.00240385830053352,107833.97000000002,108010.16061827335,107774.599,107937.29524193006,107994.56999999999,108089.83631732693,108796.02539999998,108465.94891803588,54.19297822768526,-245.04639480386686,-327.73447549255366,82.6880806886868,107994.56999999999,461.28188180785116,108917.1337636157,107072.00623638429,0.017085373155626332,69.82248046804567,58.80636502095002,869.8035714285714,1136.1035514999999,0.3175388542036435,0.0032436035361587856,9.246417008563394e-08,-9.246417008563394e-08,1136.1035514999999,2,3,10,-0.00029821892368320224,0.004219461819018083,0.000831685359825964,0,1,1
2025-10-23 03:00:00,108410.29,108720.39,108323.59,108377.96,604.50041,-0.00029821892368320224,-0.00029826339978905435,108070.198,108132.76041226769,107834.55,108017.41846180781,107997.3865,108117.42822142676,108766.3208,108462.005907747,44.44715344703843,-193.2660662764829,-300.8405479898453,107.57448171336239,107997.3865,463.55034418318627,108924.48718836637,107070.28581163361,0.01716894673865797,68.52782527560989,65.91649013491148,799.2928571428575,1112.4781725,0.5433818163295244,0.0036612610165388136,0.0,0.0,1112.4781725,3,3,10,0.002457695273097915,0.002078444852438688,0.0007956275857252162,1,1,1
2025-10-23 04:00:00,108377.96,108940.33,108350.36,108644.32,394.82009,0.002457695273097915,0.002454680079344682,108285.574,108303.28027492436,107896.649,108131.40330052677,108018.1375,108167.85900981145,108748.9088,108470.13040039268,45.96040078878651,-129.58519728848478,-266.5892275577687,137.00403026928393,108018.1375,483.3450610166547,108984.8276220333,107051.44737796669,0.017898663028388346,79.19421429686979,72.51484001350845,734.4335714285719,1106.9360925,0.35667830570805964,0.005430288486319406,0.0,0.0,1106.9360925,4,3,10,0.0027268797853399196,0.002002916008901068,0.0009713083437349196,1,1,1
2025-10-23 05:00:00,108644.31,108991.81,108622.05,108940.58,448.44483,0.0027268797853399196,0.002723168593776026,108504.63,108515.71351668205,108003.67199999999,108278.52923133581,108067.00999999998,108241.78387132181,108746.53600000002,108490.98361061428,57.44884674205349,-54.934434707131004,-224.25802151913345,169.32358681200245,108067.00999999998,525.103018854883,109117.21603770975,107016.80396229021,0.019436200515027965,97.79667285989558,81.83957081079176,658.9278571428565,1101.4928155,0.4071246073415719,0.0033941438534657586,-9.204346816578377e-08,9.204346816578377e-08,1101.4928155,5,3,10,0.0119914911413177,0.001142095371312768,0.0008887232660384261,1,1,1
2025-10-23 06:00:00,108940.58,110298.29,108849.07,110246.94,1472.3024,0.0119914911413177,0.01192016286680188,108924.018,109092.78901124056,108258.763,108636.42785939874,108196.45800000001,108433.5311602364,108795.8808,108568.42261452872,71.80688518080521,106.97473688643367,-158.01116001435105,264.9858969007847,108196.45800000001,706.6817938610911,109609.8215877222,106783.09441227783,0.02612587535392669,98.58602268972378,91.85896994882972,696.7899999999988,1150.2577045,1.2799761255587399,0.01314521745456143,0.0,0.0,1150.2577045,6,3,10,-0.008862286790000784,-0.0018278821022658653,0.00046510000155747705,0,0,1
2025-10-23 07:00:00,110246.93,110273.48,109207.75,109269.9,999.21853,-0.008862286790000784,-0.008901790421771418,109095.93999999999,109151.82600750183,108464.955,108751.60612914845,108282.2005,108513.47959537416,108830.53640000001,108599.20790909675,64.44304996310439,155.61341658903984,-95.28601001102471,250.89942660006454,108282.2005,728.4598741430975,109739.1202482862,106825.28075171381,0.026909681213694817,71.68217865403673,89.35495806788536,717.682142857141,1077.584472,0.9272762887399885,0.00975318912161534,-9.070546546972846e-08,9.070546546972846e-08,1077.584472,7,3,10,0.002155579898947435,-3.562764392675555e-05,0.0006811926630682549,1,0,1
2025-10-23 08:00:00,109269.9,109903.83,109245.48,109505.44,737.41671,0.002155579898947435,0.0021532599698605537,109321.43599999999,109269.69733834537,108695.817,108888.66830986187,108355.22449999998,108608.26766729732,108862.4494,108638.79424879672,64.37861257656874,210.5098110835388,-34.12666273268432,244.63647381622314,108355.22449999998,775.1333910500794,109905.49128210013,106804.95771789983,0.028614527619757784,78.16802511289809,82.81207548555287,712.0849999999981,1072.3671929999998,0.6876531796324732,0.0060120300872724295,0.0,0.0,1072.3671929999998,8,3,10,-0.0007164027650132798,-0.0007780622821025873,0.0006075813240907316,0,0,1
2025-10-23 09:00:00,109505.45,109545.76,109123.01,109426.99,503.07972,-0.0007164027650132798,-0.0007166595041005237,109477.97,109322.12822556679,108881.772,108986.54584372064,108387.406,108686.47686201194,108889.2618,108673.07138066183,65.32325065855017,244.91880512356875,21.682564475116017,223.23624064845274,108387.406,806.5675162224625,110000.54103244493,106774.27096755507,0.029766097224338598,76.00782024452059,75.28600800381848,690.4242857142838,1003.062386,0.5015437992906655,0.0038633064840767344,9.131966407113027e-08,-9.131966407113027e-08,1003.062386,9,3,10,0.0001115812470031674,0.00016978339265916187,0.0007224578754666718,1,1,1
2025-10-23 10:00:00,109427.0,109701.9,109370.05,109439.2,401.4903,0.0001115812470031674,0.00011157502227886338,109577.69399999999,109361.15215037945,109041.16200000001,109068.84719307983,108411.99100000001,108758.36073454689,108924.13,108706.24711469338,67.72512166402639,270.0423649907898,71.35461973100475,198.68774525978506,108411.99100000001,831.6422842905544,110075.27556858111,106748.7064314189,0.030684512907453276,76.34403568674968,76.83996034805612,673.4185714285694,861.1010165000001,0.46625226577002876,0.003032277282728595,9.138513263282952e-08,-9.138513263282952e-08,861.1010165000001,10,3,10,-0.0016932689566443448,0.0003571380036941907,0.0006390299584219383,0,1,1
2025-10-23 11:00:00,109439.2,109655.89,109100.4,109253.89,562.0243,-0.0016932689566443448,-0.0016947041568729233,109379.08399999999,109325.398100252,109151.551,109102.49153835705,108453.8605,108805.67068179666,108954.12240000001,108729.86520544568,72.16832195974008,271.99461485954816,111.48268025278722,160.51193460676095,108453.8605,852.6942250085375,110159.24895001706,106748.47204998293,0.03144910549342903,69.10717243664077,73.819676122637,635.787142857141,791.50136,0.7100737009472733,0.005084395621977444,0.0,0.0,791.50136,11,3,10,-0.000814158653755892,0.0014953151496575334,0.000691680801901772,0,1,1
2025-10-23 12:00:00,109253.88,109253.89,108685.72,109164.94,953.31213,-0.000814158653755892,-0.0008144902609120755,109358.09199999999,109271.9120668337,109227.01599999999,109113.84585893806,108500.8075,108839.96333064362,108967.43,108748.55549348552,70.97189426035965,263.3846540923696,141.86311226700496,121.52154182536464,108500.8075,865.2439454486502,110231.2953908973,106770.31960910269,0.03189815690352912,63.77453173943635,69.74191328760894,621.6792857142843,759.660823,1.254918117582062,0.005204693008579478,-9.152992167840715e-08,9.152992167840715e-08,759.660823,12,3,10,0.003074979934033717,0.002507392622986715,0.0008121589945289202,1,1,1
2025-10-23 13:00:00,109164.95,109650.01,108800.01,109500.62,1286.55668,0.003074979934033717,0.0030702618527654684,109357.128,109348.14804455673,109339.282,109184.16870787434,108586.91600000001,108903.01030254012,108985.84220000001,108780.74279643514,70.75412145130059,280.20158274966525,169.53083349995904,110.6707492497062,108586.91600000001,875.2090222365391,110337.33404447309,106836.49795552694,0.032239943981337005,71.49437692304943,68.12536036637552,626.932142857142,778.304393,1.6530250780686522,0.007762513125496459,9.16045022766587e-08,-9.16045022766587e-08,778.304393,13,3,10,0.0008609996911432827,0.00395599034887667,0.0005496084879804408,1,1,1
2025-10-23 14:00:00,109500.62,109851.62,108723.13,109594.9,1111.45274,0.0008609996911432827,0.0008606292435308119,109390.71,109430.39869637182,109434.34000000001,109258.84736602346,108665.4945,108969.02514710913,109001.87219999998,108815.46317956805,69.55402167304464,297.64509476872627,195.15370585838454,102.49138891034173,108665.4945,892.3280247430745,110450.15054948615,106880.83845051385,0.032846784670660066,71.695592513752,68.98816705874593,673.2157142857125,800.4368394999999,1.3885577039336157,0.010296920750874272,0.0,0.0,800.4368394999999,14,3,10,0.002859439627209026,0.002234897878363007,0.00024377400818176761,1,1,1
2025-10-23 15:00:00,109594.9,110109.99,109486.38,109908.28,933.2687,0.002859439627209026,0.0028553592063455886,109484.526,109589.69246424873,109531.10999999999,109376.9263390388,108767.39099999999,109058.6260742295,109031.4982,108861.90791366002,69.61297864555922,332.74506941669097,222.6719958435564,110.07307357313456,108767.39099999999,912.871117322209,110593.13323464441,106941.64876535557,0.033571500021443414,82.58596285993684,75.25864409891277,668.7021428571409,805.3281535,1.1588675944631557,0.005673912829861414,0.0,0.0,805.3281535,15,3,10,0.003234151239560834,0.0006797231928914182,5.951043952121907e-05,1,1,1
2025-10-23 16:00:00,109908.29,110576.5,109647.34,110263.74,883.87893,0.003234151239560834,0.0032289326212805443,109686.496,109814.37497616663,109532.79,109538.1655353929,108895.77649999999,109173.57070639498,108993.3626,108921.29076901743,70.24473469780101,384.6255632138782,255.06272558321322,129.56283763066497,108895.77649999999,934.567985340825,110764.91247068164,107026.64052931835,0.03432889742388942,86.1175102423091,80.1330218719993,709.9535714285697,799.338515,1.105762969522368,0.00842670491677503,9.098495577186096e-08,-9.098495577186096e-08,799.338515,16,3,10,0.008869370837593538,-0.0016605523665450816,6.1209537758714445e-06,1,0,1
2025-10-23 17:00:00,110263.74,111293.61,109650.0,111241.71,1605.70962,0.008869370837593538,0.008830269003758905,110101.85,110290.15331744555,109729.97099999999,109847.90144097211,109097.46299999999,109370.80318831657,108949.7446,109019.27760512414,75.92450097315891,498.4456533303892,303.7393306877206,194.70632264266857,109097.46299999999,985.0494815415844,111067.56196308316,107127.36403691681,0.03611631121217137,98.23664316656777,88.98003875627124,799.0114285714268,802.2170945,2.00158988260004,0.01477512346762739,0.0,0.0,802.2170945,17,3,10,-0.00602337019091137,-0.003859269159130624,-0.00037348421887119693,0,0,0
2025-10-23 18:00:00,111241.71,111289.36,110261.48,110571.66,761.73368,-0.00602337019091137,-0.006041583860419129,110316.058,110383.9888782972,109836.59300000002,109979.49409687053,109266.205,109485.31066638647,108909.86020000001,109084.63484314086,66.25914890314391,528.7641857602866,348.7443161662785,180.01986959400813,109266.205,929.8404750194027,111125.8859500388,107406.5240499612,0.03403945346209845,72.97646319004635,85.77687219964109,830.2907142857127,803.1873429999999,0.9483885504903931,0.009296052894566335,0.0,0.0,803.1873429999999,18,3,10,-0.0033612591146773285,-0.001415421369693387,2.2697970048909017e-05,0,0,1
2025-10-23 19:00:00,110571.66,110619.9,110106.0,110200.0,388.99846,-0.0033612591146773285,-0.0033669208366651653,110437.07800000001,110322.6592521981,109913.894,110019.58612677439,109397.83300000001,109553.45178159577,108874.3918,109131.45799836796,60.49107514735916,516.9847297518863,382.3924075346638,134.59232221722255,109397.83300000001,860.4501526839282,111118.73330536787,107676.93269463215,0.03146132346822374,58.0653325101902,76.42614628893477,840.586428571427,790.8605494999999,0.4918673212944225,0.004663339382940056,0.0,0.0,790.8605494999999,19,3,10,-0.0061269509981851655,-0.0002698601172302362,0.00016112323199799403,0,0,1
2025-10-23 20:00:00,110200.01,110200.01,109341.28,109524.81,629.20848,-0.0061269509981851655,-0.006145797784109275,110360.384,110056.7095014652,109922.455,109929.62674376353,109481.8085,109550.72125689033,108825.07699999999,109147.9254367866,43.27772161372659,448.24644838427776,395.56321841366525,52.6832299706125,109481.8085,779.0629185541895,111039.93433710838,107923.68266289162,0.028463648133988988,32.1750533956569,54.40561636529782,798.4085714285704,802.5179635,0.7840428608673755,0.007840506639545834,9.074410158585581e-08,-9.074410158585581e-08,802.5179635,20,3,10,7.450366725136881e-05,0.0022205144847785574,0.0005213676640145095,1,1,1
2025-10-23 21:00:00,109524.81,109727.22,109380.12,109532.97,424.08473,7.450366725136881e-05,7.450089199099572e-05,110214.23000000001,109882.12966764338,109950.36299999998,109857.50727858752,109550.95700000001,109549.02912696147,108780.1286,109164.00250616726,52.98787676413875,389.931215609191,394.4368176674207,-4.5056020582297265,109550.95700000001,713.2252507419482,110977.4075014839,108124.50649851612,0.026041771620194866,32.48795002856716,40.90944531147142,747.0778571428569,773.1129229999999,0.5485417684578013,0.0031689088682613628,0.0,0.0,773.1129229999999,21,3,10,0.003752020966837577,0.0023937432854379548,0.0005903556575746066,1,1,1
2025-10-23 22:00:00,109532.96,110158.37,109517.37,109943.94,443.21336,0.003752020966837577,0.0037449996933330626,109954.676,109902.73311176225,110028.263,109873.22232904559,109627.6395,109586.6705609384,108763.25619999999,109196.48540664892,54.78950219760055,372.4534734639892,390.04014824795524,-17.586674783966032,109627.6395,664.9426261319356,110957.52475226388,108297.75424773613,0.024261860573288677,48.246666845610875,37.63655675661165,745.8385714285707,777.23574,0.5702431542841816,0.005830244031640125,-9.129671180066888e-08,9.129671180066888e-08,777.23574,22,3,10,0.001220985895175275,0.0014219179298397555,0.00041055605663291767,1,1,1
2025-10-23 23:00:00,109943.95,110099.17,109839.0,110078.18,259.37538,0.001220985895175275,0.0012202410980933418,109855.98000000001,109961.2154078415,110086.019,109910.48737992017,109712.65050000002,109633.51574812923,108748.49339999999,109233.11719213892,57.02696228129419,365.18335403926903,385.0687888826727,-19.885434843403687,109712.65050000002,602.5199586953007,110917.69041739062,108507.61058260941,0.02196720089978328,53.39412321838698,44.709580030855,734.2257142857135,759.9794885,0.3412926058201109,0.0023635020128421297,9.095544506374167e-08,-9.095544506374167e-08,759.9794885,23,3,10,0.0038345474098500087,0.0008257700805206492,0.0003528812522350516,1,1,1
2025-10-24 00:00:00,110078.19,110709.22,109983.93,110500.28,531.07612,0.0038345474098500087,0.0038272142731263976,109916.03600000001,110140.9036052277,110176.557,110017.72244835159,109805.44850000001,109716.12018805827,108777.15939999999,109285.64158234079,60.51949081968513,388.8819201080041,385.83141519199006,3.050504916014063,109805.44850000001,571.4421510463753,110948.33280209276,108662.56419790727,0.020816531742370598,69.57962183987814,57.07347063462533,762.3285714285719,766.7922900000001,0.692594496483526,0.006563693775255666,9.084452531203937e-08,-9.084452531203937e-08,766.7922900000001,0,4,10,0.0007674188698889584,0.0015356415943908464,0.00010366418567527476,1,1,1
2025-10-24 01:00:00,110500.29,110665.53,110141.38,110585.08,371.9999,0.0007674188698889584,0.0007671245545938093,110128.09,110288.96240348516,110244.23700000001,110120.87840350905,109887.67349999999,109798.92857059557,108822.90759999999,109339.3837114604,63.4657052857741,409.75799852127966,390.61673218037765,19.141266340902007,109887.67349999999,558.6160176749681,111004.90553534993,108770.44146465005,0.02033407387317083,72.83129273090509,65.2683459297234,760.0899999999996,762.9700435,0.48756815967965333,0.004739789490589456,9.049750819419924e-08,-9.049750819419924e-08,762.9700435,1,4,10,-0.00013528045555522006,0.0015299963570746256,0.0001859338789637436,0,1,1
2025-10-24 02:00:00,110585.09,110829.67,110358.34,110570.12,303.69215,-0.00013528045555522006,-0.00013528960678137834,110335.51999999999,110382.68160232344,110274.875,110202.55871754055,109903.83249999999,109872.41576439828,108874.58720000001,109390.1756497915,64.43015876275942,420.2515455077082,396.54369516542494,23.70785034228328,109903.83249999999,574.0174117374644,111051.86732347491,108755.79767652506,0.0208916249299118,71.8538949923747,71.42160318771931,753.172857142857,704.539531,0.43105054668678344,0.0042627248663563155,9.042811195471678e-08,-9.042811195471678e-08,704.539531,2,4,10,-0.0011636055021011504,0.0020199496694071617,0.00017486192903381123,0,1,1
2025-10-24 03:00:00,110570.13,110630.81,110274.85,110441.46,332.11629,-0.0011636055021011504,-0.001164283016607477,110435.024,110402.27440154896,110194.85,110245.9953246895,109962.4105,109926.63741723662,108916.13220000001,109433.4727600153,60.090778827425915,413.4454459491535,399.9240454679852,13.521400481168314,109962.4105,565.637463542722,111093.68542708544,108831.13557291456,0.020575666210690065,66.84860415175393,70.51126395834457,717.884285714285,671.1844189999999,0.49482121544898383,0.003223064961292542,9.044034689763588e-08,-9.044034689763588e-08,671.1844189999999,3,4,10,0.0066740334653307976,0.00139183531649692,0.00022492920802641425,1,1,1
2025-10-24 04:00:00,110441.46,111470.32,110332.0,111178.55,958.63918,0.0066740334653307976,0.006651860703810071,110655.098,110661.03293436597,110255.53900000002,110415.5507532183,110046.06599999999,110045.92085580432,108975.72619999999,109505.20245099183,64.92688545419246,462.05306349472085,412.349849502131,49.70321399258984,110046.06599999999,615.9792142376134,111278.02442847521,108814.10757152477,0.022389867684597105,86.29570134896466,74.99940016436443,718.586428571429,682.2455425,1.4051234054050268,0.010238665641888718,0.0,0.0,682.2455425,4,4,10,0.0007448379206240752,-0.00017944610896405977,2.115248183313471e-05,1,0,1
2025-10-24 05:00:00,111178.54,111310.31,110941.02,111261.36,515.30958,0.0007448379206240752,0.0007445606665244448,110807.31400000001,110861.14195624397,110361.675,110569.33427713485,110137.7845,110161.724105541,109036.633,109577.25153445586,63.33314939339235,501.4580376660597,430.1714876269184,71.28655003914128,110137.7845,654.3223172790116,111446.42913455801,108829.13986544198,0.023763772632597654,90.18524781121981,81.10985110397947,700.4207142857142,682.8570354999999,0.7546375788933349,0.003319121750803636,-8.994540771860422e-08,8.994540771860422e-08,682.8570354999999,5,4,10,0.0018245327937749245,0.00014450302788224234,4.9601241649617954e-05,1,1,1
2025-10-24 06:00:00,111261.37,111488.0,111120.71,111464.36,480.6909,0.0018245327937749245,0.001822870355625273,110983.17,111062.214637496,110555.63,110732.06624796004,110239.04250000001,110285.83037614921,109093.40819999999,109654.53313573431,62.197307412539615,542.7727284060966,452.691736280127,90.0809921259696,110239.04250000001,695.9028518549927,111630.84820370999,108847.23679629003,0.025250685639980567,98.89878512335099,91.79324476117849,660.2871428571422,686.8170655,0.6998819979088012,0.0032951339782509277,8.987846270044974e-08,-8.987846270044974e-08,686.8170655,6,4,10,-0.0036760629137421175,-0.0007843023610790978,-3.404080241904232e-05,0,0,0
2025-10-24 07:00:00,111464.36,111522.3,110768.23,111054.61,750.55477,-0.0036760629137421175,-0.0036828362375530316,111080.068,111059.67975833066,110707.794,110790.71057276755,110329.07850000002,110359.07188947484,109151.1642,109711.7702252341,47.85112462788042,536.3312722055416,469.41964376076635,66.91162844477526,110329.07850000002,677.9935599002665,111685.06561980055,108973.09138019949,0.024580774864362297,78.55636353632697,89.21346549029926,596.7485714285712,696.2435889999999,1.0780060051655285,0.006790082825017412,0.0,0.0,696.2435889999999,7,4,10,0.0003889077634868787,2.7301189074346865e-05,0.00016521508877862431,1,1,1
2025-10-24 08:00:00,111054.61,111226.02,110680.01,111097.8,627.57826,0.0003889077634868787,0.0003888321584642469,111211.33599999998,111072.38650555378,110823.18000000001,110846.54501895489,110425.72150000001,110429.44816565145,109213.51980000001,109768.33882360502,57.059287604183986,528.6099042896094,481.2576960338631,47.35220825574629,110425.72150000001,640.0142673762773,111705.75003475256,109145.69296524746,0.02318352132754776,80.53662965034712,85.99725943667504,562.3292857142858,679.9568955,0.9229677118554936,0.00491467877851775,0.0,0.0,679.9568955,8,4,10,0.0020406344680092836,0.00044940374052654386,0.0002514865246389895,1,1,1
2025-10-24 09:00:00,111097.79,111482.99,111000.0,111324.51,446.13074,0.0020406344680092836,0.0020385552016944407,111240.528,111156.42767036919,110947.813,110933.44774898594,110516.916,110514.71540910512,109273.57739999998,109831.75015872538,65.69829937765763,534.5894491186336,491.92404677143037,42.66540234720327,110516.916,631.1404144497319,111779.19682889947,109254.63517110053,0.022843214859514738,90.93130736994581,83.3414335188733,560.1214285714294,637.9355985,0.6993350755922739,0.004338577371685762,-9.001078337566743e-08,9.001078337566743e-08,637.9355985,9,4,10,-0.001890688762070436,-0.000867312932258224,7.611703165627999e-05,0,0,1
2025-10-24 10:00:00,111324.51,111325.42,111069.46,111114.03,346.40996,-0.001890688762070436,-0.0018924783701516363,111211.062,111142.29511357947,111009.188,110966.28088745194,110592.87250000001,110571.80707948795,109331.272,109883.92092883258,75.4934358276762,516.4162626067409,496.82248998280505,19.593772623935877,110592.87250000001,605.2172319519029,111803.30696390381,109382.43803609621,0.0218899181573171,80.94137747528207,84.13643816519168,517.0664285714291,599.6834594999999,0.5776546851714526,0.0023035794849668566,0.0,0.0,599.6834594999999,10,4,10,-0.00042964871312833885,-0.0020143976977468336,0.000169268896665839,0,0,1
2025-10-24 11:00:00,111114.03,111267.99,110600.0,111066.29,561.52762,-0.00042964871312833885,-0.00042974103858264075,111131.448,111116.96007571965,111057.30900000001,110984.46436332977,110650.773,110618.91120914789,109393.3352,109931.95611035019,74.28829399651512,492.4890076448646,495.9557935089447,-3.466785864080066,110650.773,591.5135776981498,111833.8001553963,109467.7458446037,0.021383079816284623,77.25556503219526,83.04274995914105,539.9871428571433,581.0964055000001,0.9663243735208407,0.006014336123048724,0.0,0.0,581.0964055000001,11,4,10,0.0020773179692956667,-0.0022977070246257836,0.00018861633769831168,1,0,1
2025-10-24 12:00:00,111066.29,112104.98,110867.15,111297.01,1692.92113,0.0020773179692956667,0.0020751633277240164,111179.928,111176.97671714642,111129.99799999999,111041.29084494658,110702.4365,110683.50509627987,109466.1158,109987.33497125981,72.73112137757244,486.5096412188868,494.06656303999523,-7.5569218211084035,110702.4365,600.9782950743564,111904.3930901487,109500.47990985129,0.02171508826996247,64.34346287257598,74.18013512668443,582.6178571428578,621.5485155,2.7237151851905597,0.011121862123699476,0.0,0.0,621.5485155,12,4,10,-0.003226232223129788,-0.0023288356215315775,0.00022725883175765682,0,0,1
2025-10-24 13:00:00,111297.02,111451.47,110379.51,110937.94,1200.08389,-0.003226232223129788,-0.00323144773095593,111147.956,111097.29781143095,111179.646,111022.49978162779,110687.24799999999,110707.74142200885,109533.7736,110025.84793963344,63.429217639047025,447.6714134906797,484.78753308715454,-37.116119596474846,110687.24799999999,590.3770201242098,111868.00204024841,109506.49395975158,0.021334960649638985,44.978194762028615,62.19240755559995,640.6028571428584,601.267229,1.9959243280162207,0.009662699703996724,8.984967349359365e-08,-8.984967349359365e-08,601.267229,13,4,10,-0.006479027824024874,-0.0015825658922331565,0.0002804661206274271,0,0,1
2025-10-24 14:00:00,110937.94,110937.95,109700.01,110219.17,1902.54077,-0.006479027824024874,-0.006500107826074923,110926.88799999999,110804.58854095396,111083.70800000001,110876.43981750829,110669.62350000002,110661.20311385427,109577.25779999999,110033.67006450339,45.98155957401184,354.8685165162169,458.80372967668796,-103.93521316047105,110669.62350000002,599.2047124164292,111868.03292483288,109471.21407516715,0.02165742300248924,21.586963662748527,43.63620709911771,677.2207142857151,658.3075835000001,2.890048387236906,0.011231621504680196,0.0,0.0,658.3075835000001,14,4,10,-0.0015628860206441386,0.0009084416495658554,0.0005169522709545885,0,1,1
2025-10-24 15:00:00,110219.17,110620.0,109896.51,110046.91,737.57678,-0.0015628860206441386,-0.0015641086010027788,110713.464,110552.02902730265,110962.26299999999,110725.61621109459,110661.969,110602.69025248798,109602.52880000001,110034.20510718854,42.49458190733595,264.38899804964603,419.92078323601976,-155.53178518637372,110661.969,606.45360408231,111874.87620816461,109449.06179183538,0.021920940303612624,14.424296352969415,26.99648492591552,691.4592857142873,675.7364995,1.0915153769934844,0.006574378144738505,0.0,0.0,675.7364995,15,4,10,0.001952803581672491,0.001289399947752068,0.0005051511268551745,1,1,1
2025-10-24 16:00:00,110046.92,110387.79,109797.13,110261.81,441.40283,0.001952803581672491,0.001950899339429234,110552.568,110455.2893515351,110842.008,110641.28780759961,110698.81899999999,110570.22107087166,109628.815,110043.39192762271,45.927374080287436,207.61407966063416,377.4594424202489,-169.84536275961472,110698.81899999999,553.8274331359004,111806.47386627179,109591.16413372819,0.020012044866924875,23.359958752084335,19.79040625593409,699.9828571428578,666.346217,0.6624226546783262,0.005356886486807979,9.087033879244142e-08,-9.087033879244142e-08,666.346217,16,4,10,-0.00024115330593610373,0.0014309278948867465,0.00041894749154763416,0,1,1
2025-10-24 17:00:00,110261.81,110571.18,110180.74,110235.22,368.64619,-0.00024115330593610373,-0.0002411823880701815,110340.21,110381.9329010234,110760.06899999999,110567.45729606837,110733.93150000002,110538.31229859126,109665.18940000002,110051.12581426691,47.200169423417265,158.647308364918,333.69701552615936,-175.04970716124137,110733.93150000002,495.17854712157066,111724.28859424316,109743.57440575688,0.01788714770310742,22.254331654864973,20.01286225330624,702.4457142857146,663.57429,0.5555462222624689,0.003541880716525878,0.0,0.0,663.57429,17,4,10,0.003485002343171173,0.0019237700995441975,0.00043000941312034785,1,1,1
2025-10-24 18:00:00,110235.22,110639.04,110166.0,110619.39,336.10914,0.003485002343171173,0.003478943794462512,110276.5,110461.08526734893,110712.228,110576.89960598489,110767.70399999998,110546.0348402591,109713.05720000001,110074.01118739798,41.604607586422155,149.0954293824616,296.7766982413855,-147.6812688589239,110767.70399999998,460.26626316126226,111688.23652632251,109847.17147367746,0.016620955261878935,38.22833548859255,27.94754196518062,654.9257142857138,658.2190790000001,0.5106341501231385,0.0042762846549777,0.0,0.0,658.2190790000001,18,4,10,-3.9052827899288545e-05,0.0009117271498106649,0.0004138769731436333,0,1,1
2025-10-24 19:00:00,110619.39,110945.39,110525.06,110615.07,323.90966,-3.9052827899288545e-05,-3.905359048082605e-05,110355.68000000001,110512.41351156596,110641.28400000001,110583.83967769062,110794.5485,110552.61027667377,109769.7896,110095.77793273347,40.06218343189807,139.56818508821016,265.3349955725749,-125.76681048436473,110794.5485,432.7693487333844,111660.08719746677,109929.00980253324,0.015624210923460075,38.04870746828492,32.843791537247476,658.5714285714286,661.445793,0.4896994786691462,0.0037999343127478173,0.0,0.0,661.445793,19,4,10,0.0025189153702112055,0.0008806880041921095,0.0003795027058728547,1,1,1
2025-10-24 20:00:00,110615.07,111025.95,110478.0,110893.7,514.0647,0.0025189153702112055,0.0025157482202968835,110525.03799999999,110639.50900771063,110619.251,110640.17791855293,110814.21949999998,110585.09795942598,109827.19699999999,110127.84573892556,41.424578487061424,152.72399268897425,242.81279497397819,-90.08880228500394,110814.21949999998,427.6000947700196,111669.41968954002,109959.01931045993,0.015434845697578485,49.63429897254443,41.9704473098073,671.4757142857145,660.595222,0.7781841025789314,0.004941218482204103,0.0,0.0,660.595222,20,4,10,0.0017302155126937002,-0.0002857063852568509,0.000203061277167312,1,0,1
2025-10-24 21:00:00,110893.69,111100.0,110646.64,111085.57,915.59401,0.0017302155126937002,0.0017287204141468904,110689.79,110788.19600514043,110621.179,110721.15829751817,110839.24399999999,110632.76587575956,109891.50140000001,110166.29842663246,50.49784204128112,176.58613852054987,229.56746367300002,-52.981325152450154,110839.24399999999,428.12914008965896,111695.50228017931,109982.98571982067,0.015450453274100604,57.61236106895352,48.43178916992762,649.9964285714284,687.7749275,1.3312407495401175,0.004081178140419143,-9.017644820906247e-08,9.017644820906247e-08,687.7749275,21,4,10,-0.0005631694557629574,-3.2787386227223214e-05,0.00014810199320230052,0,0,1
2025-10-24 22:00:00,111085.57,111138.62,110927.23,111023.01,203.9224,-0.0005631694557629574,-0.0005633280952443125,110847.348,110866.4673367603,110593.77900000001,110776.04042553065,110861.8885,110669.93474301652,109958.041,110200.66333903177,48.80480952700551,188.28137467698252,221.3102458686634,-33.02887119168088,110861.8885,425.11196042673254,111712.11242085346,110011.66457914654,0.015338434738164491,55.01108121930832,54.085913753602085,626.0949999999991,682.7864400000001,0.2986620531011131,0.001904019716273225,0.0,0.0,682.7864400000001,22,4,10,-0.00016320941037351044,7.75316424511674e-06,0.00022536361823737952,0,1,1
2025-10-24 23:00:00,111023.01,111123.87,110882.05,111004.89,142.67216,-0.00016320941037351044,-0.0001632227304786584,110924.448,110912.60822450685,110600.474,110817.6494392495,110890.06000000001,110701.83738716476,110033.9792,110232.8940385849,44.52742962810771,193.85374344269803,215.8189453807394,-21.96520193804136,110890.06000000001,414.3161795565512,111718.69235911312,110061.4276408869,0.01494511517286775,54.257641467461305,55.627027918574385,608.8685714285696,673.3142335,0.2118953571772369,0.0021784625884498643,0.0,0.0,673.3142335,23,4,10,-0.002146662187584636,5.805781526882492e-05,0.0002413393477341171,0,1,1
2025-10-25 00:00:00,111004.9,111044.86,110672.86,110766.6,210.6583,-0.002146662187584636,-0.002148969569562923,110954.754,110863.9388163379,110655.21699999999,110808.36772298964,110869.4625,110708.00563001749,110105.3748,110254.26477925308,44.107380911191015,177.011400198302,208.0574363411639,-31.046036142861908,110869.4625,409.4303351563995,111688.3231703128,110050.60182968719,0.014771617934249526,44.3494097639476,51.20604415023907,617.1571428571416,635.9151895,0.3312679166629656,0.0033584130956443546,9.008612138403372e-08,-9.008612138403372e-08,635.9151895,0,5,10,0.002741891508812211,0.001040571371338006,0.00035679955156726895,1,1,1
2025-10-25 01:00:00,110766.61,111226.67,110750.0,111070.31,235.37952,0.002741891508812211,0.002738139381341952,110990.076,110932.72921089194,110757.557,110855.99359167411,110859.91,110742.51270599729,110175.43220000001,110286.91401053245,50.06273447399803,186.01417834853055,203.648784741234,-17.63460639270346,110859.91,401.96634123324117,111663.8426824665,110055.97731753351,0.014503578118843674,56.977841719439425,51.8616309836161,603.4914285714268,621.9186865,0.3784731430480985,0.004291605920610091,9.027992187862867e-08,-9.027992187862867e-08,621.9186865,1,5,10,-0.0004010072538735976,0.0007120005331898716,0.00021586436598898529,0,1,1
2025-10-25 02:00:00,111070.31,111128.91,110950.02,111025.77,134.00021,-0.0004010072538735976,-0.0004010876787837941,110978.116,110963.7428072613,110833.95300000001,110886.86202962427,110837.98050000002,110769.4909336263,110239.0416,110316.45153512705,45.50599774670299,187.39618984206754,200.39826576057305,-13.002075918505511,110837.98050000002,378.53551094623975,111595.0515218925,110080.90947810754,0.013660859183418259,75.69456339282681,59.00727162540462,527.8528571428552,604.5841520000001,0.2216402953281514,0.0016112475509064193,0.0,0.0,604.5841520000001,2,5,10,3.8009193721322276e-05,0.0007665332806900405,0.00015958457993344352,1,1,1
2025-10-25 03:00:00,111025.77,111136.65,110998.21,111029.99,249.3111,3.8009193721322276e-05,3.800847139022203e-05,110979.51200000002,110985.82520484086,110913.43000000001,110912.88529701547,110836.74949999999,110794.30148555471,110296.64140000001,110344.95522049218,51.72834638277106,186.67973667688784,197.6545599432771,-10.97482326638925,110836.74949999999,377.8333333835857,111592.41616676716,110081.08283323282,0.013635669941171762,87.11697430993198,73.26312647406606,461.1728571428539,579.5219685,0.4302012927056104,0.0012468703275573363,0.0,0.0,579.5219685,3,5,10,0.0017833920366920886,0.0010335506010101803,8.756870264621519e-05,1,1,1
2025-10-25 04:00:00,111029.99,111458.81,111029.99,111228.0,411.01306,0.0017833920366920886,0.001781803681273704,111024.13399999999,111066.55013656057,110974.291,110970.17887946666,110843.2595,110835.6077885795,110352.99560000001,110380.20438969122,73.54669753850081,199.7803706559207,198.07972208587512,1.700648570045587,110843.2595,383.64488217067645,111610.54926434136,110075.96973565864,0.013844590420788913,86.10984064320455,82.97379278198777,403.37857142856745,568.6937085000001,0.722731856985191,0.0038553241989426443,0.0,0.0,568.6937085000001,4,5,10,0.001427608156219673,0.001202558147871069,7.690265741823465e-05,1,1,1
2025-10-25 05:00:00,111228.0,111433.54,111093.99,111386.79,235.19046,0.001427608156219673,0.0014265900925113395,111148.17199999999,111173.29675770704,111051.46300000002,111045.92635602501,110846.37350000002,110888.10326725774,110413.1722,110420.35684210678,81.47149460708823,220.4299416695576,202.54976600319435,17.880175666363243,110846.37350000002,387.9849384935679,111622.34337698715,110070.40362301288,0.014000816670599185,95.66583216985194,89.63088237432949,375.95428571428056,558.1466945,0.42137750221863945,0.003048386617479401,0.0,0.0,558.1466945,5,5,10,-0.000182876263872922,0.0003035977679222146,8.656528543132351e-05,0,1,1
2025-10-25 06:00:00,111386.78,111497.1,111261.01,111366.42,334.48878,-0.000182876263872922,-0.0001828929877758337,111207.394,111237.6711718047,111098.73500000002,111104.19792771834,110858.99299999999,110933.65876086241,110467.6142,110458.0696477949,78.55484724871972,232.47173794281844,208.53416039174334,23.937577551075094,110858.99299999999,401.034009715695,111661.06101943138,110056.9249805686,0.014470057822578094,90.18255578093253,90.65274286466301,350.62785714285354,557.5506355,0.5999253856110079,0.002119938846916432,-8.977725271337213e-08,8.977725271337213e-08,557.5506355,6,5,10,0.0011060784750018815,0.0004355558334301901,0.00010188643217315847,1,1,1
2025-10-25 07:00:00,111366.43,111820.87,111366.43,111489.6,436.39799,0.0011060784750018815,0.0011054672208939372,111300.16,111321.64744786981,111139.13799999999,111174.27103183008,110880.15849999999,110986.60714296743,110518.5946,110499.16282691277,80.88419228079908,249.08004658653226,216.64333763137773,32.43670895515453,110880.15849999999,423.1132010068724,111726.38490201374,110033.93209798624,0.015263802170949312,79.98211339863613,88.61016711647353,355.1999999999971,551.2941539999999,0.7915882779341064,0.004076075257243746,8.979367384496432e-08,-8.979367384496432e-08,551.2941539999999,7,5,10,0.0024594222241356434,0.00016770868259247118,8.865588183991358e-05,1,1,1
2025-10-25 08:00:00,111489.59,111805.1,111488.44,111763.8,348.94057,0.0024594222241356434,0.0024564027949848027,111446.92199999999,111469.03163191321,111213.21699999999,111281.45811702764,110903.49799999999,111060.627530779,110548.93179999999,110549.51101894179,79.78977618817119,281.1207729179441,229.53882468955177,51.58194822839235,110903.49799999999,458.69570917665425,111820.8894183533,109986.10658164669,0.01654395821407374,95.75014707306049,88.63827208420973,344.0299999999978,484.09512600000005,0.7208099219738889,0.0028332966488255006,-8.969446485872426e-08,8.969446485872426e-08,484.09512600000005,8,5,10,-0.0021682333635757445,0.0003040375832385478,5.931012560555134e-06,0,1,1
2025-10-25 09:00:00,111763.81,111850.13,111491.62,111521.47,474.02907,-0.0021682333635757445,-0.0021705873848624022,111505.616,111486.51108794213,111264.875,111325.09664122967,110932.67450000001,111104.51837370526,110593.9632,110588.18392589247,70.99294985223418,283.6939995551802,240.36985966325582,43.324139891924375,110932.67450000001,479.1061357580631,111890.88677151613,109974.46222848388,0.017275564225509122,76.04745906000143,83.92657317723268,339.61428571428405,447.792385,1.0585911817147136,0.0032147173095907837,8.947440937728773e-08,-8.947440937728773e-08,447.792385,9,5,10,0.00034495599815898004,0.00035878160156865846,0.00037655325755223584,1,1,1
2025-10-25 10:00:00,111521.47,111718.99,111375.81,111559.94,382.43284,0.00034495599815898004,0.0003448965145177465,111540.246,111510.98739196143,111344.209,111367.79543375358,110999.71299999999,111147.89283110465,110635.05320000001,110626.82661973713,67.36211731104024,285.5450200568157,249.40489174235378,36.14012831446192,110999.71299999999,467.6819220156363,111935.07684403127,110064.34915596871,0.016853446171185667,75.88762681866895,82.56174431724362,324.9878571428562,371.7869885,1.0286342766941667,0.0030761938380390627,0.0,0.0,371.7869885,10,5,10,3.468987165100579e-05,7.170254798566367e-05,0.0003430257403246086,1,1,1
2025-10-25 11:00:00,111559.94,111664.0,111480.68,111563.81,172.78406,3.468987165100579e-05,3.468926997132296e-05,111579.724,111528.59492797428,111393.55899999998,111403.43444581218,111075.558,111187.50479086059,110677.7896,110664.06606098602,63.816694209145574,284.0496978562587,256.3338529653716,27.715844890887126,111075.558,426.1902102857407,111927.93842057149,110223.17757942852,0.015347758515360943,75.67932589805176,75.87147059224071,305.6992857142853,343.54735250000004,0.5029410319789904,0.0016431851870244213,0.0,0.0,343.54735250000004,11,5,10,0.00300473782671995,-0.00039849828968460677,0.0006412672578710357,1,0,1
2025-10-25 12:00:00,111563.81,111943.19,111530.38,111899.03,363.41104,0.00300473782671995,0.003000232624394744,111661.61000000002,111652.07328531619,111480.88500000001,111493.54272842033,111157.419,111255.27033599801,110726.98619999998,110713.12251739792,71.86420541900495,306.37655650888337,266.3423936743476,40.03416283453578,111157.419,418.8342011109566,111995.0874022219,110319.75059777808,0.015071749771770294,96.52373792636531,82.69689688102868,320.086428571428,339.64776300000005,1.069964473753946,0.0036891293874486463,0.0,0.0,339.64776300000005,12,5,10,-0.0019492572902553018,-0.0011787036627917136,0.0006223494455046505,0,0,1
2025-10-25 13:00:00,111899.03,111916.0,111520.0,111680.91,355.08597,-0.0019492572902553018,-0.0019511595646639153,111645.032,111661.68552354413,111545.977,111527.60950507999,111229.70349999999,111295.80811771806,110775.5266,110751.54643444461,65.34094003594609,302.98099947773153,273.6701148351847,29.310884642546853,111229.70349999999,373.61044481764634,111976.92438963529,110482.48261036469,0.01343563573619158,79.35339636157546,83.85215339533084,331.09928571428566,338.969752,1.04754470835498,0.0035458163798987668,0.0,0.0,338.969752,13,5,10,-0.0008033602161729991,-0.0006853061372756319,0.0007536381815297135,0,0,1
2025-10-25 14:00:00,111680.92,111765.97,111520.01,111591.19,216.60101,-0.0008033602161729991,-0.0008036830829219126,111658.976,111638.18701569608,111582.296,111539.1695950679,111278.2935,111323.94014677449,110824.0516,110784.86644117764,70.06545808492538,289.71193718738505,276.87847930568086,12.833457881704192,111278.2935,352.6650926915785,111983.62368538315,110572.96331461685,0.012676869193418226,70.49924990990544,82.12546139928207,322.096428571429,332.9943455,0.6504645286837161,0.002204116651144292,8.954081762730363e-08,-8.954081762730363e-08,332.9943455,14,5,10,-0.001846113479030076,0.00028998986270012406,0.0007372155282750851,0,1,1
2025-10-25 15:00:00,111591.2,111591.2,111311.19,111385.18,318.98695,-0.001846113479030076,-0.0018478196466949189,111624.024,111553.85134379739,111582.13500000001,111511.17148686887,111316.799,111329.77259276035,110861.74279999999,110808.67785274218,58.04450576122218,259.5832291850529,273.41942928150684,-13.836200096453922,111316.799,316.64246205801845,111950.08392411604,110683.51407588396,0.01137806566133911,43.81525821359784,64.55596816169292,308.0492857142859,332.74821000000003,0.9586436242587149,0.0025138891906445254,8.961280899290805e-08,-8.961280899290805e-08,332.74821000000003,15,5,10,-0.00011608366570847739,0.0005355094218581491,0.0008580174797215706,0,1,1
2025-10-25 16:00:00,111385.18,111479.99,111164.39,111372.25,430.41077,-0.00011608366570847739,-0.00011609040393867024,111585.71199999998,111493.3175625316,111582.718,111485.91303470732,111340.72650000002,111333.81810970153,110897.2898,110831.02187927325,58.99742396543123,231.9885827543767,265.133259975988,-33.14467722161129,111340.72650000002,300.66575875442874,111942.05801750888,110739.39498249115,0.010801645299285245,39.58179009079507,51.29876607143279,317.8142857142863,328.5655135,1.3099694043209438,0.002833740002559038,0.0,0.0,328.5655135,16,5,10,2.433281180902469e-05,0.00013561060860481366,0.0007978265029682333,1,1,1
2025-10-25 17:00:00,111372.25,111451.16,111300.0,111374.96,134.57742,2.433281180902469e-05,2.4332515770961707e-05,111480.898,111453.86504168774,111571.254,111465.7397556673,111355.196,111337.73642842015,110926.6234,110852.57817206488,58.965243018197185,207.9412308858009,253.6948541578481,-45.75362327204721,111355.196,294.64321293862974,111944.48242587726,110765.90957412274,0.010583905323596406,37.775952693824166,40.391000332739026,318.7228571428589,289.514684,0.4648379769227871,0.0013572170979904593,0.0,0.0,289.514684,17,5,10,0.003097823783730025,0.00023232558003591364,0.0007691370277632023,1,1,1
2025-10-25 18:00:00,111374.97,111731.78,111317.34,111719.98,227.92326,0.003097823783730025,0.003093035414100725,111488.71199999998,111542.57002779182,111566.872,111511.96525464127,111390.0445,111374.14094335302,110955.7482,110886.93910868872,61.87818092267277,214.2502939011174,245.80594210644543,-31.555648205328026,111390.0445,294.50308770611,111979.05067541222,110801.03832458779,0.010575562260632984,73.71526142251447,50.357668069044564,317.69571428571675,290.714727,0.7840100236820821,0.0037096318850039387,8.978678865304473e-08,-8.978678865304473e-08,290.714727,18,5,10,-0.0008640352423979758,-0.00021935297962685785,0.0006889185467665501,0,0,1
2025-10-25 19:00:00,111719.98,111720.0,111579.75,111623.45,170.60799,-0.0008640352423979758,-0.0008644087360046192,111495.16399999999,111569.53001852788,111577.06999999999,111532.23520834443,111420.9725,111397.88487857585,110963.383,110916.1033741562,55.8909333492643,209.05218623907422,238.45519093292904,-29.403004693854825,111420.9725,284.22680154192216,111989.42610308385,110852.51889691615,0.010203709235868497,58.94453004622444,56.81191472085436,303.4600000000033,292.1115185,0.584050881923713,0.0012564564166400519,0.0,0.0,292.1115185,19,5,10,-0.001715678918721819,5.170785535968392e-05,0.0007288968240938878,0,1,1
2025-10-25 20:00:00,111623.46,111659.39,111370.0,111431.94,154.33849,-0.001715678918721819,-0.0017171523813649325,111504.51599999999,111523.66667901858,111564.26999999999,111513.99971591702,111454.2395,111401.12825011194,110980.58859999999,110936.52160426979,51.50287638428871,187.32178748544538,228.22851024338536,-40.906722757939974,111454.2395,238.93355948335494,111932.1066189667,110976.37238103329,0.008575126816359597,34.35413456599922,55.67130867824604,307.2671428571453,289.295528,0.5334976695526382,0.002597011233942435,8.958691036079986e-08,-8.958691036079986e-08,289.295528,20,5,10,0.0004111926975334246,0.0006367232611428908,0.000703103989558404,1,1,1
2025-10-25 21:00:00,111431.94,111477.76,111342.25,111477.76,133.46965,0.0004111926975334246,0.0004111081809837705,111525.61799999999,111508.36445267906,111555.665,111507.41067665903,111474.612,111408.42656623996,111006.14379999999,110957.93744529581,49.71842508299775,171.81658233926282,216.94612466251948,-45.12954232325666,111474.612,221.1865429576248,111916.98508591525,111032.23891408474,0.007936750404033818,40.23754494093402,44.51206985105256,284.4857142857166,284.2000345,0.46963277198335457,0.0012155787845036963,0.0,0.0,284.2000345,21,5,10,0.001291109545078939,0.0003737868504928854,0.00075077959815562,1,1,1
2025-10-25 22:00:00,111477.76,111683.64,111409.54,111621.69,159.63737,0.001291109545078939,0.001290276779867249,111574.964,111546.13963511937,111527.93100000001,111528.18873544918,111504.40799999998,111428.73750601172,111048.08140000001,110984.19169820531,46.39715240418009,169.19106249473407,207.39511222893435,-38.20404973420028,111504.40799999998,196.27625720764718,111896.96051441527,111111.85548558469,0.007041022349812263,58.71854134566015,44.43674028419779,281.44571428571675,285.4818925,0.5591856233053379,0.0024556159291263717,0.0,0.0,285.4818925,22,5,10,0.00022020809754819126,-0.00038692106557849937,0.0011317486670517675,1,0,1
2025-10-25 23:00:00,111621.69,111675.49,111535.48,111646.27,118.29276,0.00022020809754819126,0.0002201838553039054,111560.222,111579.5164234129,111524.46699999999,111549.65805627735,111535.222,111449.45501241584,111090.3474,111010.37086320794,53.55669045393413,167.16652210222674,199.34939420357392,-32.182872101347186,111535.222,163.51812230573202,111862.25824461145,111208.18575538853,0.0058642685018631974,61.87467899332343,53.610255093305874,265.83857142857386,278.93097550000005,0.4240933076290768,0.0012540499561696894,0.0,0.0,278.93097550000005,23,5,10,0.0006243827044110084,-0.0008645660552585865,0.0010782730353805087,1,0,1
2025-10-26 00:00:00,111646.27,111899.56,111544.15,111715.98,370.92714,0.0006243827044110084,0.0006241878586315624,111578.728,111625.00428227527,111536.946,111579.89840968233,111559.621,111474.83848426853,111125.78820000001,111038.26220579322,54.36920388871453,169.23573317340924,193.32666199752967,-24.090928824120425,111559.621,151.20693791265208,111862.03487582531,111257.20712417469,0.005421565134670191,70.82562917308609,63.80628317068989,266.712142857145,276.9266795,1.3394416914604288,0.0031813711878999184,0.0,0.0,276.9266795,0,6,10,-0.000640552945066597,-0.0006388099935561997,0.0011278692463171879,0,0,1
2025-10-26 01:00:00,111715.98,111835.85,111520.0,111644.42,270.69687,-0.000640552945066597,-0.0006407581867544389,111621.224,111631.47618818351,111562.87,111591.62960792218,111572.50249999999,111490.98918523673,111157.11300000001,111062.21495063094,52.1746871914405,163.2202247780515,187.30537455362497,-24.085149775573484,111572.50249999999,146.61242827704015,111865.72735655407,111279.27764344591,0.005256220842659319,61.63713405238791,64.7791474062658,276.1785714285735,278.70200000000006,0.9712770988367502,0.002829071081205902,0.0,0.0,278.70200000000006,1,6,10,-0.0017517221192066001,-6.379395015609912e-05,0.0013421559584423693,0,0,1
2025-10-26 02:00:00,111644.41,111687.37,111408.54,111448.85,214.46307,-0.0017517221192066001,-0.0017532581784928474,111615.442,111570.60079212235,111570.53,111565.66967920856,111576.624,111486.97591141908,111176.08439999999,111077.48852008475,36.865415587143744,141.04723873868352,178.05374739062555,-37.00650865194203,111576.624,141.58670155467527,111859.79740310935,111293.45059689065,0.005075855371091907,37.84675563124575,56.76983961890659,266.6085714285738,272.7007145,0.7864411737725755,0.002501865205428335,-8.95700832586287e-08,8.95700832586287e-08,272.7007145,2,6,10,-0.0016903718611721574,0.00042034439412833025,0.0012703497984163047,0,1,1
2025-10-26 03:00:00,111448.85,111500.0,111260.45,111260.46,170.69475,-0.0016903718611721574,-0.0016918021517292048,111543.196,111467.22052808157,111559.08,111510.17701026068,111565.16699999999,111465.40287953873,111189.59199999999,111084.71451410257,37.516256034774464,107.04060117881454,163.8511181482497,-56.810516969435156,111565.16699999999,157.38827757215952,111879.9435551443,111250.39044485567,0.005642918190483511,13.067725832121443,37.51720517191837,255.433571428574,259.4155525,0.6579973650577484,0.0021530559913198535,0.0,0.0,259.4155525,3,6,10,0.0015274069512205557,0.0010400736761723706,0.0013680269770508235,1,1,1
2025-10-26 04:00:00,111260.46,111479.99,111260.46,111430.4,129.38461,0.0015274069512205557,0.001526241651663422,111500.022,111454.94701872104,111530.122,111495.672099304,111548.49700000002,111462.06925966928,111206.79759999999,111098.3627071672,45.443002817124615,92.73302904384036,149.6275003273569,-56.89447128351654,111548.49700000002,152.832833690838,111854.1626673817,111242.83133261834,0.005480408532652412,36.18346776935884,29.03264974424201,253.54571428571631,248.43775449999998,0.5207928652406171,0.0019701086956521634,0.0,0.0,248.43775449999998,4,6,10,0.0016595112285338054,0.0007767282787249918,0.0014123696318935897,1,1,1
2025-10-26 05:00:00,111430.39,111650.9,111367.19,111615.32,209.94274,0.0016595112285338054,0.0016581357613002774,111479.89000000001,111508.40467914737,111529.30900000001,111517.42626306716,111553.18950000001,111476.66461697314,111230.2748,111118.76754923238,56.60138143099782,95.21721568107023,138.74544339809285,-43.52822771702262,111553.18950000001,153.39904780814544,111859.9875956163,111246.39140438371,0.005500480927374895,61.33683365752256,36.86267575300095,253.81000000000182,235.23343800000004,0.8924868070839485,0.002541855365374501,-8.9742117005425e-08,8.9742117005425e-08,235.23343800000004,5,6,10,0.00018483125793111732,0.0020435256006476887,0.0014517241369647604,1,1,1
2025-10-26 06:00:00,111615.33,111686.65,111548.75,111635.95,156.20448,0.00018483125793111732,0.00018481417873864313,111478.196,111550.91978609824,111549.71,111538.97603341876,111556.98999999999,111491.83469924971,111239.42280000001,111139.17606712118,57.53075701671224,97.7240196257917,130.54115864362856,-32.817139017836865,111556.98999999999,154.51263695644988,111866.0152739129,111247.96472608708,0.0055402225160952525,58.75357919606948,52.09129354098363,241.11714285714385,223.92201999999997,0.6975842750971968,0.001235265163238134,8.959343569288974e-08,-8.959343569288974e-08,223.92201999999997,6,6,10,0.0007885452670040038,0.0018823916823388909,0.001623199146205077,1,1,1
2025-10-26 07:00:00,111635.96,111724.96,111620.02,111723.98,169.97811,0.0007885452670040038,0.000788234528528453,111533.222,111608.60652406549,111574.33200000001,111572.61311825195,111564.99850000002,111513.94383590136,111248.6752,111162.24733499736,59.50417724138676,105.59635820119001,125.55219855513887,-19.955840353948858,111564.99850000002,158.97126037192007,111882.94102074386,111247.05597925617,0.005699682248350446,72.52742094475104,64.2059445994477,237.8157142857152,223.78172249999997,0.7595710145630862,0.0009392791055241886,8.95768792159983e-08,-8.95768792159983e-08,223.78172249999997,7,6,10,0.0004740253614310408,0.0034833769387792035,0.0014112266934382528,1,1,1
2025-10-26 08:00:00,111723.98,111850.0,111723.98,111776.94,240.40616,0.0004740253614310408,0.00047391304690128956,111636.518,111664.71768271032,111589.857,111609.76346038819,111558.89400000001,111538.99115152447,111254.92680000002,111186.49203975337,51.84446401740867,114.78529293533938,123.39881743117829,-8.613524495838902,111558.89400000001,147.39174955226656,111853.67749910455,111264.11050089548,0.0052848049767244614,80.81394439142007,70.6983148440802,217.21428571428675,217.63147850000001,1.104647919763133,0.0011274239570344658,0.0,0.0,217.63147850000001,8,6,10,0.006726700516224593,0.0040025481809031205,0.0011968634504958043,1,1,1
2025-10-26 09:00:00,111776.94,112779.81,111708.63,112528.83,1330.29795,0.006726700516224593,0.006704177214891954,111856.204,111952.75512180688,111678.11299999998,111776.86646759113,111601.29,111633.26172882915,111284.41120000002,111239.4245472286,70.58205725093696,180.65380624688987,134.8498151943235,45.803991052566374,111601.29,261.84585184152047,112124.98170368304,111077.59829631695,0.009385047496906924,83.48120261162623,78.94085598259912,283.70928571428624,266.3920775,4.993759433405071,0.009519160556454671,0.0,0.0,266.3920775,9,6,10,-0.00045970441530407413,0.002621291145433524,0.0010032143574865936,0,1,1
2025-10-26 10:00:00,112528.82,112571.26,112189.33,112477.1,337.77399,-0.00045970441530407413,-0.00045981011177279594,112028.56000000001,112127.53674787126,111754.225,111904.18165530231,111645.5855,111713.62744104366,111311.99720000001,111288.21928345574,75.37214880125886,226.0749699040898,153.09484613628044,72.98012376780937,111645.5855,326.89939480074383,112299.38428960148,110991.78671039852,0.01171204014334238,80.07647957034595,81.45720885779741,290.3192857142858,272.4507265,1.2397617519291146,0.003395624531571253,-8.886611541914468e-08,8.886611541914468e-08,272.4507265,10,6,10,0.007192486292765254,0.0024368412756885227,0.001092478343933607,1,1,1
2025-10-26 11:00:00,112477.11,113466.23,112430.56,113286.09,1079.09408,0.007192486292765254,0.007166743724905646,112358.58799999999,112513.7211652475,111918.39199999999,112155.4377179754,111740.63100000001,111863.38605409896,111351.22880000001,111366.96789425553,82.03044462472093,323.6174607171706,187.19936905246396,136.41809166470665,111740.63100000001,485.2114092025407,112711.0538184051,110770.20818159492,0.01736920240597331,91.83327439726538,85.13031885974586,354.6164285714289,310.45608300000004,3.4758348735592337,0.009142075606987569,8.890698635332267e-08,-8.890698635332267e-08,310.45608300000004,11,6,10,0.0025507103299267087,0.0009020030414186031,0.000761781766910094,1,1,1
2025-10-26 12:00:00,113286.09,113827.02,113279.85,113575.05,1229.55057,0.0025507103299267087,0.002547462789517457,112728.802,112867.49744349833,112131.01200000002,112413.54904198054,111850.771,112026.40193795008,111400.4492,111453.9847997054,82.90856037683751,419.40181117423344,233.63985747682383,185.7619536974096,111850.771,626.6008649508661,113103.97272990172,110597.56927009826,0.02240845939098143,90.18261726740356,87.36412374500496,374.12142857142834,350.413073,3.508860441402539,0.004817695435749297,0.0,0.0,350.413073,12,6,10,0.0012016723743462077,-0.00012584131801021692,0.0005484659315022714,1,0,1
2025-10-26 13:00:00,113575.06,114000.0,113283.8,113711.53,1099.62143,0.0012016723743462077,0.0012009509439893558,113115.72,113148.84162899888,112376.11899999999,112649.54557980275,111967.59949999998,112186.89056527114,111453.354,111542.93382625646,83.5295607449934,500.55392590060364,287.02267116158527,213.53125473901838,111967.59949999998,740.660950037607,113448.9214000752,110486.27759992477,0.02645983135639546,89.47016845832341,90.49535337433078,415.2778571428561,398.6652735,2.7582573730239885,0.00629839383921751,8.804750686670452e-08,-8.804750686670452e-08,398.6652735,13,6,10,-0.0011975038942840799,-0.0005923130598746995,0.000570315325246068,0,0,1
2025-10-26 14:00:00,113711.53,113885.27,113544.02,113575.36,739.58798,-0.0011975038942840799,-0.001198221475000165,113325.026,113291.0144193326,112590.61499999999,112817.87547438436,112060.36850000001,112319.12592878922,111498.92100000002,111622.99817021914,79.54942756704905,547.5680201214564,339.1317409535638,208.43627916789256,112060.36850000001,819.9631210147847,113700.29474202958,110420.44225797044,0.029268621261576,84.4996441021336,88.0508099426202,414.26642857142724,424.2485095,1.7432895188521575,0.0030046129723911947,0.0,0.0,424.2485095,14,6,10,0.001053133355685576,2.0797364891356196e-07,0.00045601257687650126,1,1,1
2025-10-26 15:00:00,113575.35,113725.48,113425.87,113694.97,437.55153,0.001053133355685576,0.0010525791997857297,113568.6,113425.66627955507,112798.58,112977.3472063147,112163.94449999998,112450.15885818715,111554.0616,111704.60584577378,82.09731801006207,587.7035796535492,388.8461086935642,198.85747095998505,112163.94449999998,889.7343012413155,113943.41310248262,110384.47589751735,0.031729779305017886,88.86568962055817,87.61183406033838,413.1064285714269,437.5956865,0.9998990929267307,0.0026352089278883716,-8.804726654409293e-08,8.804726654409293e-08,437.5956865,15,6,10,-0.0015606671077885714,-0.00023921451190794807,0.000470064666529893,0,0,1
2025-10-26 16:00:00,113694.97,113761.98,113290.62,113517.53,556.71599,-0.0015606671077885714,-0.0015618862172803965,113614.88799999999,113456.28751970339,112986.73799999998,113075.56225971214,112268.224,112551.81336545006,111620.02880000001,111775.99835207997,82.56594482610973,598.296893781735,430.7362657112005,167.5606280705345,112268.224,921.091864802092,114110.40772960418,110426.04027039582,0.032817544697316625,82.38871347484074,85.25134906584417,426.85857142856963,457.71456149999995,1.216295125450144,0.004152310220280521,0.0,0.0,457.71456149999995,16,6,10,-0.0006642145931117227,-0.0004327244718541623,0.0007264073960394588,0,0,1
2025-10-26 17:00:00,113517.54,113747.85,113442.12,113442.13,319.42533,-0.0006642145931117227,-0.0006644352813528852,113588.304,113451.56834646892,113158.553,113142.21093976455,112366.4425,112636.60551101479,111687.9332,111841.59944268342,85.61154367236362,593.7635945062066,463.341731470203,130.42186303600357,112366.4425,936.9625822833481,114240.3676645667,110492.51733543331,0.03335382206421095,79.6363623090009,83.63025513479994,431.58571428571304,467.0123455,0.6839762012244278,0.002695030497047353,8.809212105620436e-08,-8.809212105620436e-08,467.0123455,17,6,10,0.0011725802398103724,0.00012218100239042018,0.000829297429231976,1,1,1
2025-10-26 18:00:00,113442.14,113793.93,113442.13,113575.15,279.3019,0.0011725802398103724,0.0011718933045396858,113561.028,113492.76223097928,113338.374,113220.92713253469,112464.1155,112725.99078163791,111754.2,111909.84428191412,85.43600453369396,594.056364802731,489.4846581367094,104.57170666602156,112464.1155,956.8477843832272,114377.81106876646,110550.41993123354,0.034032109891380585,83.86324877222413,81.96277485202192,441.0335714285694,472.995572,0.5904958027810037,0.0030975085659141846,8.815067201895196e-08,-8.815067201895196e-08,472.995572,18,6,10,9.544341345812946e-05,0.002437627742084447,0.0006494074564630803,1,1,1
2025-10-26 19:00:00,113575.15,113720.63,113503.82,113585.99,204.67267,9.544341345812946e-05,9.543885902533462e-05,113563.15400000001,113523.83815398619,113444.09,113287.3021993466,112561.10150000002,112807.89553641598,111821.21539999999,111975.81927092564,84.5470960503482,588.3805611726129,509.2638387438906,79.11672242872237,112561.10150000002,967.8299495877894,114496.7613991756,110625.44160082444,0.034393051833729156,83.11024987251425,82.20328698457975,436.2549999999984,477.31456749999995,0.42880038435030593,0.0019087741366694755,0.0,0.0,477.31456749999995,19,6,10,-0.0023347069475734283,0.0021479651230794095,0.0005010956330641775,0,1,1
2025-10-26 20:00:00,113585.98,113585.98,113283.11,113320.8,248.1548,-0.0023347069475734283,-0.002337436625331683,113488.32000000002,113456.15876932413,113528.46,113293.3927085563,112641.3425,112856.74361689009,111875.24359999999,112028.75153320168,77.20387120524703,556.0741190445697,518.6258948040265,37.44822424054314,112641.3425,960.5738557479484,114562.4902114959,110720.1947885041,0.03411088094046638,71.4619450583619,79.47848123436675,448.03928571428486,471.1759505,0.5266711930790704,0.0026726779196757817,-8.803902672603571e-08,8.803902672603571e-08,471.1759505,20,6,10,0.0015554073038666072,0.0031853148016955934,0.00042166738526612513,1,1,1
2025-10-26 21:00:00,113320.8,113590.48,112901.0,113497.06,464.11186,0.0015554073038666072,0.0015541989107928087,113484.226,113469.79251288275,113549.55699999999,113330.42312518244,112733.97450000001,112917.72617059493,111932.88339999999,112086.5293359497,77.83537523469843,538.4861578222481,522.597947407671,15.888210414577088,112733.97450000001,948.6312781249724,114631.23705624996,110836.71194375007,0.03365910879421616,78.05068583423876,77.54096025503831,489.7921428571416,480.84669999999994,0.9651971407935211,0.006074871014279982,0.0,0.0,480.84669999999994,21,6,10,0.01043436719858648,0.003922045012213382,0.00030135302718481416,1,1,1
2025-10-26 22:00:00,113497.06,115466.8,113497.06,114681.33,2524.96249,0.01043436719858648,0.0103803049343166,113732.06599999999,113873.63834192183,113660.18500000001,113576.04255696754,112895.59850000001,113085.68854230137,112008.63600000001,112188.62079989536,83.64483058210263,613.0400327639218,540.6863644789213,72.35366828500048,112895.59850000001,992.5068434143963,114880.6121868288,110910.58481317121,0.03516547523912184,79.09966818957095,76.2040996940572,621.4864285714274,596.3716710000001,4.233873962802635,0.017175768714925134,0.0,0.0,596.3716710000001,22,6,10,-0.0010632070625620216,0.0004446857226087231,-0.00020274207278143017,0,1,0
2025-10-26 23:00:00,114681.34,114966.15,114385.13,114559.4,670.95687,-0.0010632070625620216,-0.001063772668130393,113928.916,114102.22556128122,113744.972,113754.83481933713,113060.54550000001,113226.04209176028,112078.1126,112281.88619723333,77.54219011526489,654.7384792248486,563.4967874281069,91.24169179674163,113060.54550000001,980.5136707306508,115021.57284146131,111099.5181585387,0.03468986166286105,72.31401050200282,76.48812150860418,586.4749999999985,621.384777,1.0797768063120736,0.005071779356386203,8.719815156278105e-08,-8.719815156278105e-08,621.384777,23,6,10,0.0018146917668913076,0.0008739575947633027,-0.0001602163429269369,1,1,0
